"Country or Area","Year","Area","Sex","Age","Record Type","Reliability","Source Year","Value","Value Footnotes"
"United States of America","2019","Total","Both Sexes","Total","Data tabulated by year of occurrence","Final figure, complete","2021","2854838",""
"United States of America","2019","Total","Both Sexes","0","Data tabulated by year of occurrence","Final figure, complete","2021","20921",""
"United States of America","2019","Total","Both Sexes","1","Data tabulated by year of occurrence","Final figure, complete","2021","1474",""
"United States of America","2019","Total","Both Sexes","1 - 4","Data tabulated by year of occurrence","Final figure, complete","2021","3676",""
"United States of America","2019","Total","Both Sexes","2","Data tabulated by year of occurrence","Final figure, complete","2021","916",""
"United States of America","2019","Total","Both Sexes","3","Data tabulated by year of occurrence","Final figure, complete","2021","710",""
"United States of America","2019","Total","Both Sexes","4","Data tabulated by year of occurrence","Final figure, complete","2021","576",""
"United States of America","2019","Total","Both Sexes","5","Data tabulated by year of occurrence","Final figure, complete","2021","536",""
"United States of America","2019","Total","Both Sexes","5 - 9","Data tabulated by year of occurrence","Final figure, complete","2021","2333",""
"United States of America","2019","Total","Both Sexes","6","Data tabulated by year of occurrence","Final figure, complete","2021","490",""
"United States of America","2019","Total","Both Sexes","7","Data tabulated by year of occurrence","Final figure, complete","2021","439",""
"United States of America","2019","Total","Both Sexes","8","Data tabulated by year of occurrence","Final figure, complete","2021","435",""
"United States of America","2019","Total","Both Sexes","9","Data tabulated by year of occurrence","Final figure, complete","2021","433",""
"United States of America","2019","Total","Both Sexes","10","Data tabulated by year of occurrence","Final figure, complete","2021","480",""
"United States of America","2019","Total","Both Sexes","10 - 14","Data tabulated by year of occurrence","Final figure, complete","2021","3164",""
"United States of America","2019","Total","Both Sexes","11","Data tabulated by year of occurrence","Final figure, complete","2021","536",""
"United States of America","2019","Total","Both Sexes","12","Data tabulated by year of occurrence","Final figure, complete","2021","601",""
"United States of America","2019","Total","Both Sexes","13","Data tabulated by year of occurrence","Final figure, complete","2021","687",""
"United States of America","2019","Total","Both Sexes","14","Data tabulated by year of occurrence","Final figure, complete","2021","860",""
"United States of America","2019","Total","Both Sexes","15","Data tabulated by year of occurrence","Final figure, complete","2021","1137",""
"United States of America","2019","Total","Both Sexes","15 - 19","Data tabulated by year of occurrence","Final figure, complete","2021","10258",""
"United States of America","2019","Total","Both Sexes","16","Data tabulated by year of occurrence","Final figure, complete","2021","1485",""
"United States of America","2019","Total","Both Sexes","17","Data tabulated by year of occurrence","Final figure, complete","2021","1886",""
"United States of America","2019","Total","Both Sexes","18","Data tabulated by year of occurrence","Final figure, complete","2021","2732",""
"United States of America","2019","Total","Both Sexes","19","Data tabulated by year of occurrence","Final figure, complete","2021","3018",""
"United States of America","2019","Total","Both Sexes","20","Data tabulated by year of occurrence","Final figure, complete","2021","3313",""
"United States of America","2019","Total","Both Sexes","20 - 24","Data tabulated by year of occurrence","Final figure, complete","2021","19513",""
"United States of America","2019","Total","Both Sexes","21","Data tabulated by year of occurrence","Final figure, complete","2021","3821",""
"United States of America","2019","Total","Both Sexes","22","Data tabulated by year of occurrence","Final figure, complete","2021","3882",""
"United States of America","2019","Total","Both Sexes","23","Data tabulated by year of occurrence","Final figure, complete","2021","4146",""
"United States of America","2019","Total","Both Sexes","24","Data tabulated by year of occurrence","Final figure, complete","2021","4351",""
"United States of America","2019","Total","Both Sexes","25","Data tabulated by year of occurrence","Final figure, complete","2021","4752",""
"United States of America","2019","Total","Both Sexes","25 - 29","Data tabulated by year of occurrence","Final figure, complete","2021","26969",""
"United States of America","2019","Total","Both Sexes","26","Data tabulated by year of occurrence","Final figure, complete","2021","5086",""
"United States of America","2019","Total","Both Sexes","27","Data tabulated by year of occurrence","Final figure, complete","2021","5383",""
"United States of America","2019","Total","Both Sexes","28","Data tabulated by year of occurrence","Final figure, complete","2021","5757",""
"United States of America","2019","Total","Both Sexes","29","Data tabulated by year of occurrence","Final figure, complete","2021","5991",""
"United States of America","2019","Total","Both Sexes","30","Data tabulated by year of occurrence","Final figure, complete","2021","6183",""
"United States of America","2019","Total","Both Sexes","30 - 34","Data tabulated by year of occurrence","Final figure, complete","2021","32209",""
"United States of America","2019","Total","Both Sexes","31","Data tabulated by year of occurrence","Final figure, complete","2021","6225",""
"United States of America","2019","Total","Both Sexes","32","Data tabulated by year of occurrence","Final figure, complete","2021","6263",""
"United States of America","2019","Total","Both Sexes","33","Data tabulated by year of occurrence","Final figure, complete","2021","6683",""
"United States of America","2019","Total","Both Sexes","34","Data tabulated by year of occurrence","Final figure, complete","2021","6855",""
"United States of America","2019","Total","Both Sexes","35","Data tabulated by year of occurrence","Final figure, complete","2021","6998",""
"United States of America","2019","Total","Both Sexes","35 - 39","Data tabulated by year of occurrence","Final figure, complete","2021","38638",""
"United States of America","2019","Total","Both Sexes","36","Data tabulated by year of occurrence","Final figure, complete","2021","7326",""
"United States of America","2019","Total","Both Sexes","37","Data tabulated by year of occurrence","Final figure, complete","2021","7692",""
"United States of America","2019","Total","Both Sexes","38","Data tabulated by year of occurrence","Final figure, complete","2021","8177",""
"United States of America","2019","Total","Both Sexes","39","Data tabulated by year of occurrence","Final figure, complete","2021","8445",""
"United States of America","2019","Total","Both Sexes","40","Data tabulated by year of occurrence","Final figure, complete","2021","8639",""
"United States of America","2019","Total","Both Sexes","40 - 44","Data tabulated by year of occurrence","Final figure, complete","2021","44348",""
"United States of America","2019","Total","Both Sexes","41","Data tabulated by year of occurrence","Final figure, complete","2021","8456",""
"United States of America","2019","Total","Both Sexes","42","Data tabulated by year of occurrence","Final figure, complete","2021","8791",""
"United States of America","2019","Total","Both Sexes","43","Data tabulated by year of occurrence","Final figure, complete","2021","8928",""
"United States of America","2019","Total","Both Sexes","44","Data tabulated by year of occurrence","Final figure, complete","2021","9534",""
"United States of America","2019","Total","Both Sexes","45","Data tabulated by year of occurrence","Final figure, complete","2021","10170",""
"United States of America","2019","Total","Both Sexes","45 - 49","Data tabulated by year of occurrence","Final figure, complete","2021","63739",""
"United States of America","2019","Total","Both Sexes","46","Data tabulated by year of occurrence","Final figure, complete","2021","11198",""
"United States of America","2019","Total","Both Sexes","47","Data tabulated by year of occurrence","Final figure, complete","2021","12579",""
"United States of America","2019","Total","Both Sexes","48","Data tabulated by year of occurrence","Final figure, complete","2021","14385",""
"United States of America","2019","Total","Both Sexes","49","Data tabulated by year of occurrence","Final figure, complete","2021","15407",""
"United States of America","2019","Total","Both Sexes","50","Data tabulated by year of occurrence","Final figure, complete","2021","16151",""
"United States of America","2019","Total","Both Sexes","50 - 54","Data tabulated by year of occurrence","Final figure, complete","2021","96654",""
"United States of America","2019","Total","Both Sexes","51","Data tabulated by year of occurrence","Final figure, complete","2021","17198",""
"United States of America","2019","Total","Both Sexes","52","Data tabulated by year of occurrence","Final figure, complete","2021","18788",""
"United States of America","2019","Total","Both Sexes","53","Data tabulated by year of occurrence","Final figure, complete","2021","20593",""
"United States of America","2019","Total","Both Sexes","54","Data tabulated by year of occurrence","Final figure, complete","2021","23924",""
"United States of America","2019","Total","Both Sexes","55","Data tabulated by year of occurrence","Final figure, complete","2021","26793",""
"United States of America","2019","Total","Both Sexes","55 - 59","Data tabulated by year of occurrence","Final figure, complete","2021","158453",""
"United States of America","2019","Total","Both Sexes","56","Data tabulated by year of occurrence","Final figure, complete","2021","28966",""
"United States of America","2019","Total","Both Sexes","57","Data tabulated by year of occurrence","Final figure, complete","2021","31658",""
"United States of America","2019","Total","Both Sexes","58","Data tabulated by year of occurrence","Final figure, complete","2021","34347",""
"United States of America","2019","Total","Both Sexes","59","Data tabulated by year of occurrence","Final figure, complete","2021","36689",""
"United States of America","2019","Total","Both Sexes","60","Data tabulated by year of occurrence","Final figure, complete","2021","38690",""
"United States of America","2019","Total","Both Sexes","60 - 64","Data tabulated by year of occurrence","Final figure, complete","2021","216484",""
"United States of America","2019","Total","Both Sexes","61","Data tabulated by year of occurrence","Final figure, complete","2021","41522",""
"United States of America","2019","Total","Both Sexes","62","Data tabulated by year of occurrence","Final figure, complete","2021","43975",""
"United States of America","2019","Total","Both Sexes","63","Data tabulated by year of occurrence","Final figure, complete","2021","45361",""
"United States of America","2019","Total","Both Sexes","64","Data tabulated by year of occurrence","Final figure, complete","2021","46936",""
"United States of America","2019","Total","Both Sexes","65","Data tabulated by year of occurrence","Final figure, complete","2021","48159",""
"United States of America","2019","Total","Both Sexes","65 - 69","Data tabulated by year of occurrence","Final figure, complete","2021","254412",""
"United States of America","2019","Total","Both Sexes","66","Data tabulated by year of occurrence","Final figure, complete","2021","49560",""
"United States of America","2019","Total","Both Sexes","67","Data tabulated by year of occurrence","Final figure, complete","2021","50719",""
"United States of America","2019","Total","Both Sexes","68","Data tabulated by year of occurrence","Final figure, complete","2021","52212",""
"United States of America","2019","Total","Both Sexes","69","Data tabulated by year of occurrence","Final figure, complete","2021","53762",""
"United States of America","2019","Total","Both Sexes","70","Data tabulated by year of occurrence","Final figure, complete","2021","57343",""
"United States of America","2019","Total","Both Sexes","70 - 74","Data tabulated by year of occurrence","Final figure, complete","2021","301147",""
"United States of America","2019","Total","Both Sexes","71","Data tabulated by year of occurrence","Final figure, complete","2021","61396",""
"United States of America","2019","Total","Both Sexes","72","Data tabulated by year of occurrence","Final figure, complete","2021","67130",""
"United States of America","2019","Total","Both Sexes","73","Data tabulated by year of occurrence","Final figure, complete","2021","56853",""
"United States of America","2019","Total","Both Sexes","74","Data tabulated by year of occurrence","Final figure, complete","2021","58425",""
"United States of America","2019","Total","Both Sexes","75","Data tabulated by year of occurrence","Final figure, complete","2021","63147",""
"United States of America","2019","Total","Both Sexes","75 - 79","Data tabulated by year of occurrence","Final figure, complete","2021","329493",""
"United States of America","2019","Total","Both Sexes","76","Data tabulated by year of occurrence","Final figure, complete","2021","69019",""
"United States of America","2019","Total","Both Sexes","77","Data tabulated by year of occurrence","Final figure, complete","2021","65894",""
"United States of America","2019","Total","Both Sexes","78","Data tabulated by year of occurrence","Final figure, complete","2021","65124",""
"United States of America","2019","Total","Both Sexes","79","Data tabulated by year of occurrence","Final figure, complete","2021","66309",""
"United States of America","2019","Total","Both Sexes","80","Data tabulated by year of occurrence","Final figure, complete","2021","68349",""
"United States of America","2019","Total","Both Sexes","80 - 84","Data tabulated by year of occurrence","Final figure, complete","2021","358534",""
"United States of America","2019","Total","Both Sexes","81","Data tabulated by year of occurrence","Final figure, complete","2021","70621",""
"United States of America","2019","Total","Both Sexes","82","Data tabulated by year of occurrence","Final figure, complete","2021","71124",""
"United States of America","2019","Total","Both Sexes","83","Data tabulated by year of occurrence","Final figure, complete","2021","73524",""
"United States of America","2019","Total","Both Sexes","84","Data tabulated by year of occurrence","Final figure, complete","2021","74916",""
"United States of America","2019","Total","Both Sexes","85","Data tabulated by year of occurrence","Final figure, complete","2021","73207",""
"United States of America","2019","Total","Both Sexes","85 - 89","Data tabulated by year of occurrence","Final figure, complete","2021","378916",""
"United States of America","2019","Total","Both Sexes","86","Data tabulated by year of occurrence","Final figure, complete","2021","75293",""
"United States of America","2019","Total","Both Sexes","87","Data tabulated by year of occurrence","Final figure, complete","2021","76921",""
"United States of America","2019","Total","Both Sexes","88","Data tabulated by year of occurrence","Final figure, complete","2021","76891",""
"United States of America","2019","Total","Both Sexes","89","Data tabulated by year of occurrence","Final figure, complete","2021","76604",""
"United States of America","2019","Total","Both Sexes","90","Data tabulated by year of occurrence","Final figure, complete","2021","72782",""
"United States of America","2019","Total","Both Sexes","90 - 94","Data tabulated by year of occurrence","Final figure, complete","2021","317483",""
"United States of America","2019","Total","Both Sexes","91","Data tabulated by year of occurrence","Final figure, complete","2021","69883",""
"United States of America","2019","Total","Both Sexes","92","Data tabulated by year of occurrence","Final figure, complete","2021","64861",""
"United States of America","2019","Total","Both Sexes","93","Data tabulated by year of occurrence","Final figure, complete","2021","58116",""
"United States of America","2019","Total","Both Sexes","94","Data tabulated by year of occurrence","Final figure, complete","2021","51841",""
"United States of America","2019","Total","Both Sexes","95","Data tabulated by year of occurrence","Final figure, complete","2021","43876",""
"United States of America","2019","Total","Both Sexes","95 - 99","Data tabulated by year of occurrence","Final figure, complete","2021","146616",""
"United States of America","2019","Total","Both Sexes","96","Data tabulated by year of occurrence","Final figure, complete","2021","36034",""
"United States of America","2019","Total","Both Sexes","97","Data tabulated by year of occurrence","Final figure, complete","2021","28978",""
"United States of America","2019","Total","Both Sexes","98","Data tabulated by year of occurrence","Final figure, complete","2021","22195",""
"United States of America","2019","Total","Both Sexes","99","Data tabulated by year of occurrence","Final figure, complete","2021","15533",""
"United States of America","2019","Total","Both Sexes","100 +","Data tabulated by year of occurrence","Final figure, complete","2021","30731",""
"United States of America","2019","Total","Both Sexes","Unknown","Data tabulated by year of occurrence","Final figure, complete","2021","147",""
"United States of America","2019","Total","Male","Total","Data tabulated by year of occurrence","Final figure, complete","2021","1473823",""
"United States of America","2019","Total","Male","0","Data tabulated by year of occurrence","Final figure, complete","2021","11674",""
"United States of America","2019","Total","Male","1","Data tabulated by year of occurrence","Final figure, complete","2021","825",""
"United States of America","2019","Total","Male","1 - 4","Data tabulated by year of occurrence","Final figure, complete","2021","2041",""
"United States of America","2019","Total","Male","2","Data tabulated by year of occurrence","Final figure, complete","2021","515",""
"United States of America","2019","Total","Male","3","Data tabulated by year of occurrence","Final figure, complete","2021","390",""
"United States of America","2019","Total","Male","4","Data tabulated by year of occurrence","Final figure, complete","2021","311",""
"United States of America","2019","Total","Male","5","Data tabulated by year of occurrence","Final figure, complete","2021","291",""
"United States of America","2019","Total","Male","5 - 9","Data tabulated by year of occurrence","Final figure, complete","2021","1290",""
"United States of America","2019","Total","Male","6","Data tabulated by year of occurrence","Final figure, complete","2021","266",""
"United States of America","2019","Total","Male","7","Data tabulated by year of occurrence","Final figure, complete","2021","243",""
"United States of America","2019","Total","Male","8","Data tabulated by year of occurrence","Final figure, complete","2021","251",""
"United States of America","2019","Total","Male","9","Data tabulated by year of occurrence","Final figure, complete","2021","239",""
"United States of America","2019","Total","Male","10","Data tabulated by year of occurrence","Final figure, complete","2021","291",""
"United States of America","2019","Total","Male","10 - 14","Data tabulated by year of occurrence","Final figure, complete","2021","1896",""
"United States of America","2019","Total","Male","11","Data tabulated by year of occurrence","Final figure, complete","2021","324",""
"United States of America","2019","Total","Male","12","Data tabulated by year of occurrence","Final figure, complete","2021","351",""
"United States of America","2019","Total","Male","13","Data tabulated by year of occurrence","Final figure, complete","2021","394",""
"United States of America","2019","Total","Male","14","Data tabulated by year of occurrence","Final figure, complete","2021","536",""
"United States of America","2019","Total","Male","15","Data tabulated by year of occurrence","Final figure, complete","2021","754",""
"United States of America","2019","Total","Male","15 - 19","Data tabulated by year of occurrence","Final figure, complete","2021","7361",""
"United States of America","2019","Total","Male","16","Data tabulated by year of occurrence","Final figure, complete","2021","1040",""
"United States of America","2019","Total","Male","17","Data tabulated by year of occurrence","Final figure, complete","2021","1353",""
"United States of America","2019","Total","Male","18","Data tabulated by year of occurrence","Final figure, complete","2021","1972",""
"United States of America","2019","Total","Male","19","Data tabulated by year of occurrence","Final figure, complete","2021","2242",""
"United States of America","2019","Total","Male","20","Data tabulated by year of occurrence","Final figure, complete","2021","2452",""
"United States of America","2019","Total","Male","20 - 24","Data tabulated by year of occurrence","Final figure, complete","2021","14387",""
"United States of America","2019","Total","Male","21","Data tabulated by year of occurrence","Final figure, complete","2021","2871",""
"United States of America","2019","Total","Male","22","Data tabulated by year of occurrence","Final figure, complete","2021","2909",""
"United States of America","2019","Total","Male","23","Data tabulated by year of occurrence","Final figure, complete","2021","2979",""
"United States of America","2019","Total","Male","24","Data tabulated by year of occurrence","Final figure, complete","2021","3176",""
"United States of America","2019","Total","Male","25","Data tabulated by year of occurrence","Final figure, complete","2021","3481",""
"United States of America","2019","Total","Male","25 - 29","Data tabulated by year of occurrence","Final figure, complete","2021","19442",""
"United States of America","2019","Total","Male","26","Data tabulated by year of occurrence","Final figure, complete","2021","3696",""
"United States of America","2019","Total","Male","27","Data tabulated by year of occurrence","Final figure, complete","2021","3864",""
"United States of America","2019","Total","Male","28","Data tabulated by year of occurrence","Final figure, complete","2021","4129",""
"United States of America","2019","Total","Male","29","Data tabulated by year of occurrence","Final figure, complete","2021","4272",""
"United States of America","2019","Total","Male","30","Data tabulated by year of occurrence","Final figure, complete","2021","4301",""
"United States of America","2019","Total","Male","30 - 34","Data tabulated by year of occurrence","Final figure, complete","2021","21909",""
"United States of America","2019","Total","Male","31","Data tabulated by year of occurrence","Final figure, complete","2021","4282",""
"United States of America","2019","Total","Male","32","Data tabulated by year of occurrence","Final figure, complete","2021","4269",""
"United States of America","2019","Total","Male","33","Data tabulated by year of occurrence","Final figure, complete","2021","4410",""
"United States of America","2019","Total","Male","34","Data tabulated by year of occurrence","Final figure, complete","2021","4647",""
"United States of America","2019","Total","Male","35","Data tabulated by year of occurrence","Final figure, complete","2021","4671",""
"United States of America","2019","Total","Male","35 - 39","Data tabulated by year of occurrence","Final figure, complete","2021","25241",""
"United States of America","2019","Total","Male","36","Data tabulated by year of occurrence","Final figure, complete","2021","4854",""
"United States of America","2019","Total","Male","37","Data tabulated by year of occurrence","Final figure, complete","2021","5066",""
"United States of America","2019","Total","Male","38","Data tabulated by year of occurrence","Final figure, complete","2021","5281",""
"United States of America","2019","Total","Male","39","Data tabulated by year of occurrence","Final figure, complete","2021","5369",""
"United States of America","2019","Total","Male","40","Data tabulated by year of occurrence","Final figure, complete","2021","5628",""
"United States of America","2019","Total","Male","40 - 44","Data tabulated by year of occurrence","Final figure, complete","2021","28195",""
"United States of America","2019","Total","Male","41","Data tabulated by year of occurrence","Final figure, complete","2021","5385",""
"United States of America","2019","Total","Male","42","Data tabulated by year of occurrence","Final figure, complete","2021","5655",""
"United States of America","2019","Total","Male","43","Data tabulated by year of occurrence","Final figure, complete","2021","5558",""
"United States of America","2019","Total","Male","44","Data tabulated by year of occurrence","Final figure, complete","2021","5969",""
"United States of America","2019","Total","Male","45","Data tabulated by year of occurrence","Final figure, complete","2021","6309",""
"United States of America","2019","Total","Male","45 - 49","Data tabulated by year of occurrence","Final figure, complete","2021","39358",""
"United States of America","2019","Total","Male","46","Data tabulated by year of occurrence","Final figure, complete","2021","6937",""
"United States of America","2019","Total","Male","47","Data tabulated by year of occurrence","Final figure, complete","2021","7793",""
"United States of America","2019","Total","Male","48","Data tabulated by year of occurrence","Final figure, complete","2021","8843",""
"United States of America","2019","Total","Male","49","Data tabulated by year of occurrence","Final figure, complete","2021","9476",""
"United States of America","2019","Total","Male","50","Data tabulated by year of occurrence","Final figure, complete","2021","9940",""
"United States of America","2019","Total","Male","50 - 54","Data tabulated by year of occurrence","Final figure, complete","2021","59489",""
"United States of America","2019","Total","Male","51","Data tabulated by year of occurrence","Final figure, complete","2021","10653",""
"United States of America","2019","Total","Male","52","Data tabulated by year of occurrence","Final figure, complete","2021","11605",""
"United States of America","2019","Total","Male","53","Data tabulated by year of occurrence","Final figure, complete","2021","12550",""
"United States of America","2019","Total","Male","54","Data tabulated by year of occurrence","Final figure, complete","2021","14741",""
"United States of America","2019","Total","Male","55","Data tabulated by year of occurrence","Final figure, complete","2021","16534",""
"United States of America","2019","Total","Male","55 - 59","Data tabulated by year of occurrence","Final figure, complete","2021","97055",""
"United States of America","2019","Total","Male","56","Data tabulated by year of occurrence","Final figure, complete","2021","17793",""
"United States of America","2019","Total","Male","57","Data tabulated by year of occurrence","Final figure, complete","2021","19341",""
"United States of America","2019","Total","Male","58","Data tabulated by year of occurrence","Final figure, complete","2021","20908",""
"United States of America","2019","Total","Male","59","Data tabulated by year of occurrence","Final figure, complete","2021","22479",""
"United States of America","2019","Total","Male","60","Data tabulated by year of occurrence","Final figure, complete","2021","23299",""
"United States of America","2019","Total","Male","60 - 64","Data tabulated by year of occurrence","Final figure, complete","2021","130870",""
"United States of America","2019","Total","Male","61","Data tabulated by year of occurrence","Final figure, complete","2021","25181",""
"United States of America","2019","Total","Male","62","Data tabulated by year of occurrence","Final figure, complete","2021","26654",""
"United States of America","2019","Total","Male","63","Data tabulated by year of occurrence","Final figure, complete","2021","27524",""
"United States of America","2019","Total","Male","64","Data tabulated by year of occurrence","Final figure, complete","2021","28212",""
"United States of America","2019","Total","Male","65","Data tabulated by year of occurrence","Final figure, complete","2021","29113",""
"United States of America","2019","Total","Male","65 - 69","Data tabulated by year of occurrence","Final figure, complete","2021","150938",""
"United States of America","2019","Total","Male","66","Data tabulated by year of occurrence","Final figure, complete","2021","29767",""
"United States of America","2019","Total","Male","67","Data tabulated by year of occurrence","Final figure, complete","2021","30240",""
"United States of America","2019","Total","Male","68","Data tabulated by year of occurrence","Final figure, complete","2021","30695",""
"United States of America","2019","Total","Male","69","Data tabulated by year of occurrence","Final figure, complete","2021","31123",""
"United States of America","2019","Total","Male","70","Data tabulated by year of occurrence","Final figure, complete","2021","32921",""
"United States of America","2019","Total","Male","70 - 74","Data tabulated by year of occurrence","Final figure, complete","2021","169309",""
"United States of America","2019","Total","Male","71","Data tabulated by year of occurrence","Final figure, complete","2021","34789",""
"United States of America","2019","Total","Male","72","Data tabulated by year of occurrence","Final figure, complete","2021","37706",""
"United States of America","2019","Total","Male","73","Data tabulated by year of occurrence","Final figure, complete","2021","31566",""
"United States of America","2019","Total","Male","74","Data tabulated by year of occurrence","Final figure, complete","2021","32327",""
"United States of America","2019","Total","Male","75","Data tabulated by year of occurrence","Final figure, complete","2021","34576",""
"United States of America","2019","Total","Male","75 - 79","Data tabulated by year of occurrence","Final figure, complete","2021","176496",""
"United States of America","2019","Total","Male","76","Data tabulated by year of occurrence","Final figure, complete","2021","37415",""
"United States of America","2019","Total","Male","77","Data tabulated by year of occurrence","Final figure, complete","2021","35401",""
"United States of America","2019","Total","Male","78","Data tabulated by year of occurrence","Final figure, complete","2021","34513",""
"United States of America","2019","Total","Male","79","Data tabulated by year of occurrence","Final figure, complete","2021","34591",""
"United States of America","2019","Total","Male","80","Data tabulated by year of occurrence","Final figure, complete","2021","35264",""
"United States of America","2019","Total","Male","80 - 84","Data tabulated by year of occurrence","Final figure, complete","2021","178604",""
"United States of America","2019","Total","Male","81","Data tabulated by year of occurrence","Final figure, complete","2021","35972",""
"United States of America","2019","Total","Male","82","Data tabulated by year of occurrence","Final figure, complete","2021","35419",""
"United States of America","2019","Total","Male","83","Data tabulated by year of occurrence","Final figure, complete","2021","35821",""
"United States of America","2019","Total","Male","84","Data tabulated by year of occurrence","Final figure, complete","2021","36128",""
"United States of America","2019","Total","Male","85","Data tabulated by year of occurrence","Final figure, complete","2021","34590",""
"United States of America","2019","Total","Male","85 - 89","Data tabulated by year of occurrence","Final figure, complete","2021","169880",""
"United States of America","2019","Total","Male","86","Data tabulated by year of occurrence","Final figure, complete","2021","34592",""
"United States of America","2019","Total","Male","87","Data tabulated by year of occurrence","Final figure, complete","2021","34712",""
"United States of America","2019","Total","Male","88","Data tabulated by year of occurrence","Final figure, complete","2021","33815",""
"United States of America","2019","Total","Male","89","Data tabulated by year of occurrence","Final figure, complete","2021","32171",""
"United States of America","2019","Total","Male","90","Data tabulated by year of occurrence","Final figure, complete","2021","29487",""
"United States of America","2019","Total","Male","90 - 94","Data tabulated by year of occurrence","Final figure, complete","2021","119275",""
"United States of America","2019","Total","Male","91","Data tabulated by year of occurrence","Final figure, complete","2021","27308",""
"United States of America","2019","Total","Male","92","Data tabulated by year of occurrence","Final figure, complete","2021","24250",""
"United States of America","2019","Total","Male","93","Data tabulated by year of occurrence","Final figure, complete","2021","20790",""
"United States of America","2019","Total","Male","94","Data tabulated by year of occurrence","Final figure, complete","2021","17440",""
"United States of America","2019","Total","Male","95","Data tabulated by year of occurrence","Final figure, complete","2021","14151",""
"United States of America","2019","Total","Male","95 - 99","Data tabulated by year of occurrence","Final figure, complete","2021","43054",""
"United States of America","2019","Total","Male","96","Data tabulated by year of occurrence","Final figure, complete","2021","10902",""
"United States of America","2019","Total","Male","97","Data tabulated by year of occurrence","Final figure, complete","2021","8259",""
"United States of America","2019","Total","Male","98","Data tabulated by year of occurrence","Final figure, complete","2021","5978",""
"United States of America","2019","Total","Male","99","Data tabulated by year of occurrence","Final figure, complete","2021","3764",""
"United States of America","2019","Total","Male","100 +","Data tabulated by year of occurrence","Final figure, complete","2021","5956",""
"United States of America","2019","Total","Male","Unknown","Data tabulated by year of occurrence","Final figure, complete","2021","103",""
"United States of America","2019","Total","Female","Total","Data tabulated by year of occurrence","Final figure, complete","2021","1381015",""
"United States of America","2019","Total","Female","0","Data tabulated by year of occurrence","Final figure, complete","2021","9247",""
"United States of America","2019","Total","Female","1","Data tabulated by year of occurrence","Final figure, complete","2021","649",""
"United States of America","2019","Total","Female","1 - 4","Data tabulated by year of occurrence","Final figure, complete","2021","1635",""
"United States of America","2019","Total","Female","2","Data tabulated by year of occurrence","Final figure, complete","2021","401",""
"United States of America","2019","Total","Female","3","Data tabulated by year of occurrence","Final figure, complete","2021","320",""
"United States of America","2019","Total","Female","4","Data tabulated by year of occurrence","Final figure, complete","2021","265",""
"United States of America","2019","Total","Female","5","Data tabulated by year of occurrence","Final figure, complete","2021","245",""
"United States of America","2019","Total","Female","5 - 9","Data tabulated by year of occurrence","Final figure, complete","2021","1043",""
"United States of America","2019","Total","Female","6","Data tabulated by year of occurrence","Final figure, complete","2021","224",""
"United States of America","2019","Total","Female","7","Data tabulated by year of occurrence","Final figure, complete","2021","196",""
"United States of America","2019","Total","Female","8","Data tabulated by year of occurrence","Final figure, complete","2021","184",""
"United States of America","2019","Total","Female","9","Data tabulated by year of occurrence","Final figure, complete","2021","194",""
"United States of America","2019","Total","Female","10","Data tabulated by year of occurrence","Final figure, complete","2021","189",""
"United States of America","2019","Total","Female","10 - 14","Data tabulated by year of occurrence","Final figure, complete","2021","1268",""
"United States of America","2019","Total","Female","11","Data tabulated by year of occurrence","Final figure, complete","2021","212",""
"United States of America","2019","Total","Female","12","Data tabulated by year of occurrence","Final figure, complete","2021","250",""
"United States of America","2019","Total","Female","13","Data tabulated by year of occurrence","Final figure, complete","2021","293",""
"United States of America","2019","Total","Female","14","Data tabulated by year of occurrence","Final figure, complete","2021","324",""
"United States of America","2019","Total","Female","15","Data tabulated by year of occurrence","Final figure, complete","2021","383",""
"United States of America","2019","Total","Female","15 - 19","Data tabulated by year of occurrence","Final figure, complete","2021","2897",""
"United States of America","2019","Total","Female","16","Data tabulated by year of occurrence","Final figure, complete","2021","445",""
"United States of America","2019","Total","Female","17","Data tabulated by year of occurrence","Final figure, complete","2021","533",""
"United States of America","2019","Total","Female","18","Data tabulated by year of occurrence","Final figure, complete","2021","760",""
"United States of America","2019","Total","Female","19","Data tabulated by year of occurrence","Final figure, complete","2021","776",""
"United States of America","2019","Total","Female","20","Data tabulated by year of occurrence","Final figure, complete","2021","861",""
"United States of America","2019","Total","Female","20 - 24","Data tabulated by year of occurrence","Final figure, complete","2021","5126",""
"United States of America","2019","Total","Female","21","Data tabulated by year of occurrence","Final figure, complete","2021","950",""
"United States of America","2019","Total","Female","22","Data tabulated by year of occurrence","Final figure, complete","2021","973",""
"United States of America","2019","Total","Female","23","Data tabulated by year of occurrence","Final figure, complete","2021","1167",""
"United States of America","2019","Total","Female","24","Data tabulated by year of occurrence","Final figure, complete","2021","1175",""
"United States of America","2019","Total","Female","25","Data tabulated by year of occurrence","Final figure, complete","2021","1271",""
"United States of America","2019","Total","Female","25 - 29","Data tabulated by year of occurrence","Final figure, complete","2021","7527",""
"United States of America","2019","Total","Female","26","Data tabulated by year of occurrence","Final figure, complete","2021","1390",""
"United States of America","2019","Total","Female","27","Data tabulated by year of occurrence","Final figure, complete","2021","1519",""
"United States of America","2019","Total","Female","28","Data tabulated by year of occurrence","Final figure, complete","2021","1628",""
"United States of America","2019","Total","Female","29","Data tabulated by year of occurrence","Final figure, complete","2021","1719",""
"United States of America","2019","Total","Female","30","Data tabulated by year of occurrence","Final figure, complete","2021","1882",""
"United States of America","2019","Total","Female","30 - 34","Data tabulated by year of occurrence","Final figure, complete","2021","10300",""
"United States of America","2019","Total","Female","31","Data tabulated by year of occurrence","Final figure, complete","2021","1943",""
"United States of America","2019","Total","Female","32","Data tabulated by year of occurrence","Final figure, complete","2021","1994",""
"United States of America","2019","Total","Female","33","Data tabulated by year of occurrence","Final figure, complete","2021","2273",""
"United States of America","2019","Total","Female","34","Data tabulated by year of occurrence","Final figure, complete","2021","2208",""
"United States of America","2019","Total","Female","35","Data tabulated by year of occurrence","Final figure, complete","2021","2327",""
"United States of America","2019","Total","Female","35 - 39","Data tabulated by year of occurrence","Final figure, complete","2021","13397",""
"United States of America","2019","Total","Female","36","Data tabulated by year of occurrence","Final figure, complete","2021","2472",""
"United States of America","2019","Total","Female","37","Data tabulated by year of occurrence","Final figure, complete","2021","2626",""
"United States of America","2019","Total","Female","38","Data tabulated by year of occurrence","Final figure, complete","2021","2896",""
"United States of America","2019","Total","Female","39","Data tabulated by year of occurrence","Final figure, complete","2021","3076",""
"United States of America","2019","Total","Female","40","Data tabulated by year of occurrence","Final figure, complete","2021","3011",""
"United States of America","2019","Total","Female","40 - 44","Data tabulated by year of occurrence","Final figure, complete","2021","16153",""
"United States of America","2019","Total","Female","41","Data tabulated by year of occurrence","Final figure, complete","2021","3071",""
"United States of America","2019","Total","Female","42","Data tabulated by year of occurrence","Final figure, complete","2021","3136",""
"United States of America","2019","Total","Female","43","Data tabulated by year of occurrence","Final figure, complete","2021","3370",""
"United States of America","2019","Total","Female","44","Data tabulated by year of occurrence","Final figure, complete","2021","3565",""
"United States of America","2019","Total","Female","45","Data tabulated by year of occurrence","Final figure, complete","2021","3861",""
"United States of America","2019","Total","Female","45 - 49","Data tabulated by year of occurrence","Final figure, complete","2021","24381",""
"United States of America","2019","Total","Female","46","Data tabulated by year of occurrence","Final figure, complete","2021","4261",""
"United States of America","2019","Total","Female","47","Data tabulated by year of occurrence","Final figure, complete","2021","4786",""
"United States of America","2019","Total","Female","48","Data tabulated by year of occurrence","Final figure, complete","2021","5542",""
"United States of America","2019","Total","Female","49","Data tabulated by year of occurrence","Final figure, complete","2021","5931",""
"United States of America","2019","Total","Female","50","Data tabulated by year of occurrence","Final figure, complete","2021","6211",""
"United States of America","2019","Total","Female","50 - 54","Data tabulated by year of occurrence","Final figure, complete","2021","37165",""
"United States of America","2019","Total","Female","51","Data tabulated by year of occurrence","Final figure, complete","2021","6545",""
"United States of America","2019","Total","Female","52","Data tabulated by year of occurrence","Final figure, complete","2021","7183",""
"United States of America","2019","Total","Female","53","Data tabulated by year of occurrence","Final figure, complete","2021","8043",""
"United States of America","2019","Total","Female","54","Data tabulated by year of occurrence","Final figure, complete","2021","9183",""
"United States of America","2019","Total","Female","55","Data tabulated by year of occurrence","Final figure, complete","2021","10259",""
"United States of America","2019","Total","Female","55 - 59","Data tabulated by year of occurrence","Final figure, complete","2021","61398",""
"United States of America","2019","Total","Female","56","Data tabulated by year of occurrence","Final figure, complete","2021","11173",""
"United States of America","2019","Total","Female","57","Data tabulated by year of occurrence","Final figure, complete","2021","12317",""
"United States of America","2019","Total","Female","58","Data tabulated by year of occurrence","Final figure, complete","2021","13439",""
"United States of America","2019","Total","Female","59","Data tabulated by year of occurrence","Final figure, complete","2021","14210",""
"United States of America","2019","Total","Female","60","Data tabulated by year of occurrence","Final figure, complete","2021","15391",""
"United States of America","2019","Total","Female","60 - 64","Data tabulated by year of occurrence","Final figure, complete","2021","85614",""
"United States of America","2019","Total","Female","61","Data tabulated by year of occurrence","Final figure, complete","2021","16341",""
"United States of America","2019","Total","Female","62","Data tabulated by year of occurrence","Final figure, complete","2021","17321",""
"United States of America","2019","Total","Female","63","Data tabulated by year of occurrence","Final figure, complete","2021","17837",""
"United States of America","2019","Total","Female","64","Data tabulated by year of occurrence","Final figure, complete","2021","18724",""
"United States of America","2019","Total","Female","65","Data tabulated by year of occurrence","Final figure, complete","2021","19046",""
"United States of America","2019","Total","Female","65 - 69","Data tabulated by year of occurrence","Final figure, complete","2021","103474",""
"United States of America","2019","Total","Female","66","Data tabulated by year of occurrence","Final figure, complete","2021","19793",""
"United States of America","2019","Total","Female","67","Data tabulated by year of occurrence","Final figure, complete","2021","20479",""
"United States of America","2019","Total","Female","68","Data tabulated by year of occurrence","Final figure, complete","2021","21517",""
"United States of America","2019","Total","Female","69","Data tabulated by year of occurrence","Final figure, complete","2021","22639",""
"United States of America","2019","Total","Female","70","Data tabulated by year of occurrence","Final figure, complete","2021","24422",""
"United States of America","2019","Total","Female","70 - 74","Data tabulated by year of occurrence","Final figure, complete","2021","131838",""
"United States of America","2019","Total","Female","71","Data tabulated by year of occurrence","Final figure, complete","2021","26607",""
"United States of America","2019","Total","Female","72","Data tabulated by year of occurrence","Final figure, complete","2021","29424",""
"United States of America","2019","Total","Female","73","Data tabulated by year of occurrence","Final figure, complete","2021","25287",""
"United States of America","2019","Total","Female","74","Data tabulated by year of occurrence","Final figure, complete","2021","26098",""
"United States of America","2019","Total","Female","75","Data tabulated by year of occurrence","Final figure, complete","2021","28571",""
"United States of America","2019","Total","Female","75 - 79","Data tabulated by year of occurrence","Final figure, complete","2021","152997",""
"United States of America","2019","Total","Female","76","Data tabulated by year of occurrence","Final figure, complete","2021","31604",""
"United States of America","2019","Total","Female","77","Data tabulated by year of occurrence","Final figure, complete","2021","30493",""
"United States of America","2019","Total","Female","78","Data tabulated by year of occurrence","Final figure, complete","2021","30611",""
"United States of America","2019","Total","Female","79","Data tabulated by year of occurrence","Final figure, complete","2021","31718",""
"United States of America","2019","Total","Female","80","Data tabulated by year of occurrence","Final figure, complete","2021","33085",""
"United States of America","2019","Total","Female","80 - 84","Data tabulated by year of occurrence","Final figure, complete","2021","179930",""
"United States of America","2019","Total","Female","81","Data tabulated by year of occurrence","Final figure, complete","2021","34649",""
"United States of America","2019","Total","Female","82","Data tabulated by year of occurrence","Final figure, complete","2021","35705",""
"United States of America","2019","Total","Female","83","Data tabulated by year of occurrence","Final figure, complete","2021","37703",""
"United States of America","2019","Total","Female","84","Data tabulated by year of occurrence","Final figure, complete","2021","38788",""
"United States of America","2019","Total","Female","85","Data tabulated by year of occurrence","Final figure, complete","2021","38617",""
"United States of America","2019","Total","Female","85 - 89","Data tabulated by year of occurrence","Final figure, complete","2021","209036",""
"United States of America","2019","Total","Female","86","Data tabulated by year of occurrence","Final figure, complete","2021","40701",""
"United States of America","2019","Total","Female","87","Data tabulated by year of occurrence","Final figure, complete","2021","42209",""
"United States of America","2019","Total","Female","88","Data tabulated by year of occurrence","Final figure, complete","2021","43076",""
"United States of America","2019","Total","Female","89","Data tabulated by year of occurrence","Final figure, complete","2021","44433",""
"United States of America","2019","Total","Female","90","Data tabulated by year of occurrence","Final figure, complete","2021","43295",""
"United States of America","2019","Total","Female","90 - 94","Data tabulated by year of occurrence","Final figure, complete","2021","198208",""
"United States of America","2019","Total","Female","91","Data tabulated by year of occurrence","Final figure, complete","2021","42575",""
"United States of America","2019","Total","Female","92","Data tabulated by year of occurrence","Final figure, complete","2021","40611",""
"United States of America","2019","Total","Female","93","Data tabulated by year of occurrence","Final figure, complete","2021","37326",""
"United States of America","2019","Total","Female","94","Data tabulated by year of occurrence","Final figure, complete","2021","34401",""
"United States of America","2019","Total","Female","95","Data tabulated by year of occurrence","Final figure, complete","2021","29725",""
"United States of America","2019","Total","Female","95 - 99","Data tabulated by year of occurrence","Final figure, complete","2021","103562",""
"United States of America","2019","Total","Female","96","Data tabulated by year of occurrence","Final figure, complete","2021","25132",""
"United States of America","2019","Total","Female","97","Data tabulated by year of occurrence","Final figure, complete","2021","20719",""
"United States of America","2019","Total","Female","98","Data tabulated by year of occurrence","Final figure, complete","2021","16217",""
"United States of America","2019","Total","Female","99","Data tabulated by year of occurrence","Final figure, complete","2021","11769",""
"United States of America","2019","Total","Female","100 +","Data tabulated by year of occurrence","Final figure, complete","2021","24775",""
"United States of America","2019","Total","Female","Unknown","Data tabulated by year of occurrence","Final figure, complete","2021","44",""

